{"cameraMode":{"drawMode":0,"name":"Shaded","section":"Shading Mode"},"sceneLighting":false,"audioPlay":false,"sceneViewState":{"m_AlwaysRefresh":false,"showFog":true,"showSkybox":false,"showFlares":true,"showImageEffects":true,"showParticleSystems":true,"showVisualEffectGraphs":true,"m_FxEnabled":true},"in2DMode":false,"pivot":{"x":0.02396988868713379,"y":0.04821896553039551,"z":0.05517125129699707},"rotation":{"x":0.6881991028785706,"y":-0.0004377377626951784,"z":0.00041305465856567025,"w":0.7255275249481201},"size":0.016007810831069948,"orthographic":true}