{"cameraMode":{"drawMode":0,"name":"Shaded","section":"Shading Mode"},"sceneLighting":true,"audioPlay":false,"sceneViewState":{"m_AlwaysRefresh":false,"showFog":true,"showSkybox":true,"showFlares":true,"showImageEffects":true,"showParticleSystems":true,"showVisualEffectGraphs":true,"m_FxEnabled":true},"in2DMode":false,"pivot":{"x":-1.0541555881500245,"y":0.33899998664855959,"z":-1.654067039489746},"rotation":{"x":0.10479871183633805,"y":0.012826784513890744,"z":-0.0013527480186894537,"w":0.994415283203125},"size":0.16271141171455384,"orthographic":true}