{"cameraMode":{"drawMode":0,"name":"Shaded","section":"Shading Mode"},"sceneLighting":true,"audioPlay":false,"sceneViewState":{"m_AlwaysRefresh":false,"showFog":true,"showSkybox":true,"showFlares":true,"showImageEffects":true,"showParticleSystems":true,"showVisualEffectGraphs":true,"m_FxEnabled":true},"in2DMode":false,"pivot":{"x":-1.0547698736190797,"y":0.300851047039032,"z":-1.6448712348937989},"rotation":{"x":0.6081318259239197,"y":0.02213812991976738,"z":-0.016971105709671975,"w":0.7933515906333923},"size":0.14568500220775605,"orthographic":true}