{"cameraMode":{"drawMode":0,"name":"Shaded","section":"Shading Mode"},"sceneLighting":true,"audioPlay":false,"sceneViewState":{"m_AlwaysRefresh":false,"showFog":true,"showSkybox":true,"showFlares":true,"showImageEffects":true,"showParticleSystems":true,"showVisualEffectGraphs":true,"m_FxEnabled":true},"in2DMode":false,"pivot":{"x":-1.2561895847320557,"y":0.33899998664855959,"z":-1.619957685470581},"rotation":{"x":0.27073195576667788,"y":0.22214937210083009,"z":-0.06436151266098023,"w":0.93445885181427},"size":0.20707376301288606,"orthographic":true}