{"cameraMode":{"drawMode":0,"name":"Shaded","section":"Shading Mode"},"sceneLighting":true,"audioPlay":false,"sceneViewState":{"m_AlwaysRefresh":false,"showFog":true,"showSkybox":true,"showFlares":true,"showImageEffects":true,"showParticleSystems":true,"showVisualEffectGraphs":true,"m_FxEnabled":true},"in2DMode":false,"pivot":{"x":-1.244999885559082,"y":0.32565999031066897,"z":-1.6238465309143067},"rotation":{"x":0.1644461303949356,"y":0.17854756116867066,"z":-0.030281448736786844,"w":0.9696193337440491},"size":0.1822790950536728,"orthographic":true}